product_id,product_name,category,sub_category,cost_price,retail_price,is_active
PROD_501,Smartphone (Standard),Electronics,Smartphone,124.34,199.67,1
PROD_502,Smartphone (Pro),Electronics,Smartphone,138.11,242.11,1
PROD_503,Smartphone (Lite),Electronics,Smartphone,114.06,157.89,1
PROD_504,Smartphone (Premium),Electronics,Smartphone,88.59,130.74,0
PROD_505,Wireless Earbuds (Standard),Electronics,Wireless Earbuds,43.96,64.22,1
PROD_506,Wireless Earbuds (Pro),Electronics,Wireless Earbuds,140.28,240.11,1
PROD_507,Wireless Earbuds (Lite),Electronics,Wireless Earbuds,11.61,16.01,1
PROD_508,Wireless Earbuds (Premium),Electronics,Wireless Earbuds,148.46,312.13,1
PROD_509,Smartwatch (Standard),Electronics,Smartwatch,100.6,213.9,1
PROD_510,Smartwatch (Pro),Electronics,Smartwatch,150.69,220.56,1
PROD_511,Smartwatch (Lite),Electronics,Smartwatch,137.24,295.08,1
PROD_512,Smartwatch (Premium),Electronics,Smartwatch,70.51,151.42,1
PROD_513,Mechanical Keyboard (Standard),Electronics,Mechanical Keyboard,65.13,126.72,1
PROD_514,Mechanical Keyboard (Pro),Electronics,Mechanical Keyboard,167.86,255.83,1
PROD_515,Mechanical Keyboard (Lite),Electronics,Mechanical Keyboard,135.03,189.61,1
PROD_516,Mechanical Keyboard (Premium),Electronics,Mechanical Keyboard,56.64,91.12,0
PROD_517,USB-C Hub (Standard),Electronics,USB-C Hub,118.56,232.38,0
PROD_518,USB-C Hub (Pro),Electronics,USB-C Hub,72.88,148.06,1
PROD_519,USB-C Hub (Lite),Electronics,USB-C Hub,157.56,236.9,1
PROD_520,USB-C Hub (Premium),Electronics,USB-C Hub,45.63,74.25,1
PROD_521,Gaming Monitor (Standard),Electronics,Gaming Monitor,75.73,141.39,1
PROD_522,Gaming Monitor (Pro),Electronics,Gaming Monitor,135.69,209.52,1
PROD_523,Gaming Monitor (Lite),Electronics,Gaming Monitor,59.59,104.47,1
PROD_524,Gaming Monitor (Premium),Electronics,Gaming Monitor,69.03,116.66,1
PROD_525,Oversized Hoodie (Standard),Apparel,Oversized Hoodie,108.33,227.68,1
PROD_526,Oversized Hoodie (Pro),Apparel,Oversized Hoodie,110.82,212.22,1
PROD_527,Oversized Hoodie (Lite),Apparel,Oversized Hoodie,128.59,218.49,1
PROD_528,Oversized Hoodie (Premium),Apparel,Oversized Hoodie,9.26,17.95,1
PROD_529,Slim Fit Chinos (Standard),Apparel,Slim Fit Chinos,14.6,24.28,0
PROD_530,Slim Fit Chinos (Pro),Apparel,Slim Fit Chinos,80.37,142.79,1
PROD_531,Slim Fit Chinos (Lite),Apparel,Slim Fit Chinos,131.37,242.35,1
PROD_532,Slim Fit Chinos (Premium),Apparel,Slim Fit Chinos,156.67,272.35,1
PROD_533,Graphic T-Shirt (Standard),Apparel,Graphic T-Shirt,74.4,161.57,1
PROD_534,Graphic T-Shirt (Pro),Apparel,Graphic T-Shirt,22.31,46.48,1
PROD_535,Graphic T-Shirt (Lite),Apparel,Graphic T-Shirt,19.83,36.04,1
PROD_536,Graphic T-Shirt (Premium),Apparel,Graphic T-Shirt,158.97,242.17,1
PROD_537,Sneakers (Standard),Apparel,Sneakers,103.92,145.12,0
PROD_538,Sneakers (Pro),Apparel,Sneakers,96.17,153.61,1
PROD_539,Sneakers (Lite),Apparel,Sneakers,155.55,250.31,1
PROD_540,Sneakers (Premium),Apparel,Sneakers,30.2,48.42,1
PROD_541,Running Jacket (Standard),Apparel,Running Jacket,89.12,137.54,1
PROD_542,Running Jacket (Pro),Apparel,Running Jacket,65.23,140.18,1
PROD_543,Running Jacket (Lite),Apparel,Running Jacket,177.96,313.64,1
PROD_544,Running Jacket (Premium),Apparel,Running Jacket,161.28,280.84,1
PROD_545,Ergonomic Chair (Standard),Home & Living,Ergonomic Chair,177.2,246.78,1
PROD_546,Ergonomic Chair (Pro),Home & Living,Ergonomic Chair,131.92,209.69,1
PROD_547,Ergonomic Chair (Lite),Home & Living,Ergonomic Chair,14.77,20.21,1
PROD_548,Ergonomic Chair (Premium),Home & Living,Ergonomic Chair,31.12,54.38,1
PROD_549,Desk Mat (Standard),Home & Living,Desk Mat,81.68,112.15,1
PROD_550,Desk Mat (Pro),Home & Living,Desk Mat,9.81,19.6,1
PROD_551,Desk Mat (Lite),Home & Living,Desk Mat,82.45,148.84,1
PROD_552,Desk Mat (Premium),Home & Living,Desk Mat,74.94,157.7,1
PROD_553,Aroma Diffuser (Standard),Home & Living,Aroma Diffuser,65.76,123.16,1
PROD_554,Aroma Diffuser (Pro),Home & Living,Aroma Diffuser,173.47,309.23,1
PROD_555,Aroma Diffuser (Lite),Home & Living,Aroma Diffuser,55.94,121.11,1
PROD_556,Aroma Diffuser (Premium),Home & Living,Aroma Diffuser,107.73,171.31,1
PROD_557,Ceramic Mug (Standard),Home & Living,Ceramic Mug,77.65,170.75,1
PROD_558,Ceramic Mug (Pro),Home & Living,Ceramic Mug,107.51,152.68,1
PROD_559,Ceramic Mug (Lite),Home & Living,Ceramic Mug,83.6,149.13,1
PROD_560,Ceramic Mug (Premium),Home & Living,Ceramic Mug,62.43,88.9,1
PROD_561,LED Desk Lamp (Standard),Home & Living,LED Desk Lamp,174.25,375.16,1
PROD_562,LED Desk Lamp (Pro),Home & Living,LED Desk Lamp,106.19,225.46,1
PROD_563,LED Desk Lamp (Lite),Home & Living,LED Desk Lamp,147.44,317.9,1
PROD_564,LED Desk Lamp (Premium),Home & Living,LED Desk Lamp,35.77,77.5,1
PROD_565,Sunscreen SPF50 (Standard),Beauty & Care,Sunscreen SPF50,10.44,16.38,1
PROD_566,Sunscreen SPF50 (Pro),Beauty & Care,Sunscreen SPF50,127.18,250.95,0
PROD_567,Sunscreen SPF50 (Lite),Beauty & Care,Sunscreen SPF50,57.45,103.84,1
PROD_568,Sunscreen SPF50 (Premium),Beauty & Care,Sunscreen SPF50,77.77,116.17,0
PROD_569,Hydrating Serum (Standard),Beauty & Care,Hydrating Serum,154.77,274.5,1
PROD_570,Hydrating Serum (Pro),Beauty & Care,Hydrating Serum,47.09,85.34,1
PROD_571,Hydrating Serum (Lite),Beauty & Care,Hydrating Serum,96.61,211.74,1
PROD_572,Hydrating Serum (Premium),Beauty & Care,Hydrating Serum,71.81,144.07,1
PROD_573,Clay Mask (Standard),Beauty & Care,Clay Mask,74.14,121.95,1
PROD_574,Clay Mask (Pro),Beauty & Care,Clay Mask,142.47,250.97,1
PROD_575,Clay Mask (Lite),Beauty & Care,Clay Mask,107.16,175.82,1
PROD_576,Clay Mask (Premium),Beauty & Care,Clay Mask,48.99,75.48,1
PROD_577,Hair Treatment Oil (Standard),Beauty & Care,Hair Treatment Oil,52.87,71.78,1
PROD_578,Hair Treatment Oil (Pro),Beauty & Care,Hair Treatment Oil,95.91,165.8,0
PROD_579,Hair Treatment Oil (Lite),Beauty & Care,Hair Treatment Oil,106.25,221.42,1
PROD_580,Hair Treatment Oil (Premium),Beauty & Care,Hair Treatment Oil,105.9,221.1,1
